<?xml version="1.0" encoding="UTF-8"?>
<beans xmlns="http://www.springframework.org/schema/beans"
	xmlns:xsi="http://www.w3.org/2001/XMLSchema-instance"
	xmlns:mybatis-spring="http://mybatis.org/schema/mybatis-spring"
	xmlns:jdbc="http://www.springframework.org/schema/jdbc"
	xmlns:context="http://www.springframework.org/schema/context"
	xsi:schemaLocation="http://www.springframework.org/schema/jdbc http://www.springframework.org/schema/jdbc/spring-jdbc-4.3.xsd
		http://mybatis.org/schema/mybatis-spring http://mybatis.org/schema/mybatis-spring-1.2.xsd
		http://www.springframework.org/schema/beans https://www.springframework.org/schema/beans/spring-beans.xsd
		http://www.springframework.org/schema/context http://www.springframework.org/schema/context/spring-context-4.3.xsd">
	
	<!-- Root Context: defines shared resources visible to all other web components -->
		<bean id="dataSource"
		class="org.springframework.jdbc.datasource.DriverManagerDataSource">
		
		<property name="driverClassName" 
				value="com.mysql.jdbc.Driver"></property>
				
		<property name="url" 
				value="jdbc:mysql://localhost:3306/BBS?useSSL=false&amp;serverTimezone=Asia/Seoul"></property>
		
		<property name="username" value="root"></property>
		<property name="password" value="password"></property>
	</bean>
</beans>
